sample,mass(kg),volume(cm3),density(kg/m3)
A,0.6,336,1.7857142857142856
B,0.455,231,1.9696969696969697
C,0.55,350,1.5714285714285714
D,0.505,272,1.8566176470588234
E,0.55,300,1.8333333333333335
F,0.505,312,1.6185897435897436
G,0.535,255,2.0980392156862746
